_id,name,link
DERMASIS015,Oxisis,https://res.cloudinary.com/dpsq08nun/image/upload/v1781085937/OXISIS_nxldzx.jpg
DERMASIS028,KOJISIS-H,https://res.cloudinary.com/dpsq08nun/image/upload/v1781085934/KOJISIS-H_xhyehf.jpg
DERMASIS012,Glutamic,https://res.cloudinary.com/dpsq08nun/image/upload/v1781085938/GLUTAMIC_uq1yn4.jpg
DERMASIS016,ATOSIS-G,https://res.cloudinary.com/dpsq08nun/image/upload/v1781085937/ATOSIS-G_omeu3f.jpg
DERMASIS023,SOLVATE-S,https://res.cloudinary.com/dpsq08nun/image/upload/v1781085935/SOLVATE-S_skr22m.jpg
DERMASIS004,WRINKDERM,https://res.cloudinary.com/dpsq08nun/image/upload/v1781085940/WRINKDERM_jfaaex.jpg
DERMASIS011,Levior-10,https://res.cloudinary.com/dpsq08nun/image/upload/v1781085938/LEVIOR-10MG_yxy1wl.jpg
DERMASIS036,Candior-100,https://res.cloudinary.com/dpsq08nun/image/upload/v1781085931/CANDIOR_edpizw.jpg
DERMASIS039,EDGEGLY,https://res.cloudinary.com/dpsq08nun/image/upload/v1781085930/EDGEGLY_6__mphdaa.jpg
DERMASIS020,Silkmoist,https://res.cloudinary.com/dpsq08nun/image/upload/v1781085936/SILK-MOIST_082435_dmqdkp.jpg
DERMASIS025,SEBOSIS SHAMPOO,https://res.cloudinary.com/dpsq08nun/image/upload/v1781085935/SEBOSIS-SHAMPOO_dqitup.jpg
DERMASIS031,SEBOSIS-B,https://res.cloudinary.com/dpsq08nun/image/upload/v1781085933/SEBOSIS-B_retr0a.jpg
DERMASIS010,Ketosis Lotion,https://res.cloudinary.com/dpsq08nun/image/upload/v1781085939/KETOSIS_LOTION_mlqnch.jpg
DERMASIS003,ZITVEL-OC,https://res.cloudinary.com/dpsq08nun/image/upload/v1781085941/ZITVEL_OC_pc7edz.jpg
DERMASIS014,EDGEGLO,https://res.cloudinary.com/dpsq08nun/image/upload/v1781085937/EDGEGLO_qcdcbu.jpg
DERMASIS021,ACNEM_IDE-GEL,https://res.cloudinary.com/dpsq08nun/image/upload/v1781085936/ACNEMIDE_GEL_081719_jr6xoj.jpg
DERMASIS033,UV MATT,https://res.cloudinary.com/dpsq08nun/image/upload/v1781085931/UV_MATT_sunscreen_eriia8.jpg
DERMASIS035,UV-VEL,https://res.cloudinary.com/dpsq08nun/image/upload/v1781085931/UV_VEL_SUNSCREEN_c258ht.jpg
DERMASIS002,Elizit-5,https://res.cloudinary.com/dpsq08nun/image/upload/v1781085942/ELIZIT-5MG_l0jsdl.jpg
DERMASIS005,Velosma-T,https://res.cloudinary.com/dpsq08nun/image/upload/v1781085940/VELOSMA-T_ktttvx.jpg
DERMASIS027,Puremoist Cream,https://res.cloudinary.com/dpsq08nun/image/upload/v1781085934/PUREMOIST_CREAM_ajlnwo.jpg
DERMASIS034,Elitraz-200,https://res.cloudinary.com/dpsq08nun/image/upload/v1781085931/ELITRAZ_ysgekh.jpg
DERMASIS008,TOPECIA SERUM,https://res.cloudinary.com/dpsq08nun/image/upload/v1781085940/TOPECIA_SERUM_ioxx1h.jpg
DERMASIS013,Isomic,https://res.cloudinary.com/dpsq08nun/image/upload/v1781085938/ISOMIC_10-20_su6oub.jpg
DERMASIS001,Kerapick Shampoo,https://res.cloudinary.com/dpsq08nun/image/upload/v1781085942/KERAPICK_SHAMPOO_mtfn6l.jpg
DERMASIS009,Sporoc,https://res.cloudinary.com/dpsq08nun/image/upload/v1781085939/SPOROCID_TAB_r9vwmr.jpg
DERMASIS018,Acnem_ide,https://res.cloudinary.com/dpsq08nun/image/upload/v1781085936/ACNEMIDE_F.W_mt6sk6.jpg
DERMASIS029,VELOSMA_cr,https://res.cloudinary.com/dpsq08nun/image/upload/v1781085933/VELOSMA_CR_nwjzxj.jpg
DERMASIS024,VELOSMA-AZ,https://res.cloudinary.com/dpsq08nun/image/upload/v1781085935/VELOSMA-AZ_pksgam.jpg
DERMASIS007,Topecia Forte Oil,https://res.cloudinary.com/dpsq08nun/image/upload/v1781085940/TOPECIA_FORTE_OIL_v2j17t.jpg
DERMASIS017,AHC-5,https://res.cloudinary.com/dpsq08nun/image/upload/v1781085937/AHC_5_mfwxc9.jpg
DERMASIS019,AEL MOIST-C,https://res.cloudinary.com/dpsq08nun/image/upload/v1781085936/AEL_MOIST-C_k2hqdk.jpg
DERMASIS022,ZITVEL,https://res.cloudinary.com/dpsq08nun/image/upload/v1781085935/ZITVEL_F.W_os0xhx.jpg
DERMASIS037,TREXODERM,https://res.cloudinary.com/dpsq08nun/image/upload/v1781085931/TREXODERM_maibpd.jpg
DERMASIS006,Cortivate-G,https://res.cloudinary.com/dpsq08nun/image/upload/v1781085940/CORTIVATE-G_xbnfa1.jpg
DERMASIS030,PUREMOIST,https://res.cloudinary.com/dpsq08nun/image/upload/v1781085933/PUREMOIST_B-W_gzekwz.jpg
DERMASIS032,Kojisis Ultra,https://res.cloudinary.com/dpsq08nun/image/upload/v1781085932/KOJISIS_ULTRA_rddm9u.jpg
DERMASIS026,WRINKDERM-C,https://res.cloudinary.com/dpsq08nun/image/upload/v1781085934/WRINKDERM-C_x2hjug.jpg
DERMASIS038,Trichoseed,https://res.cloudinary.com/dpsq08nun/image/upload/v1781085930/TRICHOSEED_TAB_nhzrz5.jpg
6a295740a8d4745e4a65250e, Dermasis,https://res.cloudinary.com/dpsq08nun/image/upload/v1781094139/coverpage.png_ieszk9.jpg
